,Survived,Pclass,Age,SibSp,Parch,Fare,Companions,Sex_male,Sex_female,Title_Mr,Title_Mrs,Title_Miss,Title_Master,Title_Rare Title,Embarked_S,Embarked_C,Embarked_Q,Embarked_
1,0,0,22.0,1,0,7.25,0,1,0,1,0,0,0,0,1,0,0,0
2,1,2,38.0,1,0,71.2833,0,0,1,0,1,0,0,0,0,1,0,0
3,1,0,26.0,0,0,7.925,0,0,1,0,0,1,0,0,1,0,0,0
4,1,2,35.0,1,0,53.1,1,0,1,0,1,0,0,0,1,0,0,0
5,0,0,35.0,0,0,8.05,0,1,0,1,0,0,0,0,1,0,0,0
6,0,0,36.439118477921355,0,0,8.4583,0,1,0,1,0,0,0,0,0,0,1,0
7,0,2,54.0,0,0,51.8625,0,1,0,1,0,0,0,0,1,0,0,0
8,0,0,2.0,3,1,21.075,3,1,0,0,0,0,1,0,1,0,0,0
9,1,0,27.0,0,2,11.1333,2,0,1,0,1,0,0,0,1,0,0,0
10,1,1,14.0,1,0,30.0708,1,0,1,0,1,0,0,0,0,1,0,0
11,1,0,4.0,1,1,16.7,1,0,1,0,0,1,0,0,1,0,0,0
12,1,2,58.0,0,0,26.55,0,0,1,0,0,1,0,0,1,0,0,0
13,0,0,20.0,0,0,8.05,0,1,0,1,0,0,0,0,1,0,0,0
14,0,0,39.0,1,5,31.275,6,1,0,1,0,0,0,0,1,0,0,0
15,0,0,14.0,0,0,7.8542,0,0,1,0,0,1,0,0,1,0,0,0
16,1,1,55.0,0,0,16.0,0,0,1,0,1,0,0,0,1,0,0,0
17,0,0,2.0,4,1,29.125,4,1,0,0,0,0,1,0,0,0,1,0
18,1,1,36.092947011545114,0,0,13.0,0,1,0,1,0,0,0,0,1,0,0,0
19,0,0,31.0,1,0,18.0,0,0,1,0,1,0,0,0,1,0,0,0
20,1,0,29.141228802833812,0,0,7.225,0,0,1,0,1,0,0,0,0,1,0,0
21,0,1,35.0,0,0,26.0,1,1,0,1,0,0,0,0,1,0,0,0
22,1,1,34.0,0,0,13.0,0,1,0,1,0,0,0,0,1,0,0,0
23,1,0,15.0,0,0,8.0292,0,0,1,0,0,1,0,0,0,0,1,0
24,1,2,28.0,0,0,35.5,0,1,0,1,0,0,0,0,1,0,0,0
25,0,0,8.0,3,1,21.075,3,0,1,0,0,1,0,0,1,0,0,0
26,1,0,38.0,1,5,31.3875,3,0,1,0,1,0,0,0,1,0,0,0
27,0,0,31.18849169707783,0,0,7.225,0,1,0,1,0,0,0,0,0,1,0,0
28,0,2,19.0,3,2,100.2688,3,1,0,1,0,0,0,0,1,0,0,0
29,1,0,19.548214445669522,0,0,7.8792,0,0,1,0,0,1,0,0,0,0,1,0
30,0,0,28.51748443358752,0,0,7.8958,0,1,0,1,0,0,0,0,1,0,0,0
31,0,2,40.0,0,0,27.7208,0,1,0,0,0,0,0,1,0,1,0,0
32,1,2,28.928156962920117,1,0,100.2688,1,0,1,0,1,0,0,0,0,1,0,0
33,1,0,19.575816898771972,0,0,7.75,0,0,1,0,0,1,0,0,0,0,1,0
34,0,1,66.0,0,0,10.5,0,1,0,1,0,0,0,0,1,0,0,0
35,0,2,28.0,1,0,82.1708,1,1,0,1,0,0,0,0,0,1,0,0
36,0,2,42.0,1,0,52.0,1,1,0,1,0,0,0,0,1,0,0,0
37,1,0,25.462513496114756,0,0,7.2292,0,1,0,1,0,0,0,0,0,1,0,0
38,0,0,21.0,0,0,8.05,0,1,0,1,0,0,0,0,1,0,0,0
39,0,0,18.0,2,0,18.0,1,0,1,0,0,1,0,0,1,0,0,0
40,1,0,14.0,1,0,11.2417,1,0,1,0,0,1,0,0,0,1,0,0
41,0,0,40.0,1,0,9.475,0,0,1,0,1,0,0,0,1,0,0,0
42,0,1,27.0,1,0,21.0,1,0,1,0,1,0,0,0,1,0,0,0
43,0,0,30.327811413254427,0,0,7.8958,0,1,0,1,0,0,0,0,0,1,0,0
44,1,1,3.0,1,2,41.5792,2,0,1,0,0,1,0,0,0,1,0,0
45,1,0,19.0,0,0,7.8792,0,0,1,0,0,1,0,0,0,0,1,0
46,0,0,29.319184461420658,0,0,8.05,0,1,0,1,0,0,0,0,1,0,0,0
47,0,0,36.40561358395731,1,0,15.5,0,1,0,1,0,0,0,0,0,0,1,0
48,1,0,19.575816898771972,0,0,7.75,0,0,1,0,0,1,0,0,0,0,1,0
49,0,0,28.163938485879843,2,0,21.6792,0,1,0,1,0,0,0,0,0,1,0,0
50,0,0,18.0,1,0,17.8,1,0,1,0,1,0,0,0,1,0,0,0
51,0,0,7.0,4,1,39.6875,5,1,0,0,0,0,1,0,1,0,0,0
52,0,0,21.0,0,0,7.8,0,1,0,1,0,0,0,0,1,0,0,0
53,1,2,49.0,1,0,76.7292,2,0,1,0,1,0,0,0,0,1,0,0
54,1,1,29.0,1,0,26.0,0,0,1,0,1,0,0,0,1,0,0,0
55,0,2,65.0,0,1,61.9792,0,1,0,1,0,0,0,0,0,1,0,0
56,1,2,37.42375034079962,0,0,35.5,0,1,0,1,0,0,0,0,1,0,0,0
57,1,1,21.0,0,0,10.5,0,0,1,0,0,1,0,0,1,0,0,0
58,0,0,28.5,0,0,7.2292,0,1,0,1,0,0,0,0,0,1,0,0
59,1,1,5.0,1,2,27.75,2,0,1,0,0,1,0,0,1,0,0,0
60,0,0,11.0,5,2,46.9,5,1,0,0,0,0,1,0,1,0,0,0
61,0,0,22.0,0,0,7.2292,0,1,0,1,0,0,0,0,0,1,0,0
62,1,2,38.0,0,0,80.0,1,0,1,0,0,1,0,0,0,0,0,1
63,0,2,45.0,1,0,83.475,1,1,0,1,0,0,0,0,1,0,0,0
64,0,0,4.0,3,2,27.9,5,1,0,0,0,0,1,0,1,0,0,0
65,0,2,45.45498622486688,0,0,27.7208,0,1,0,1,0,0,0,0,0,1,0,0
66,1,0,5.774741366966368,1,1,15.2458,1,1,0,0,0,0,1,0,0,1,0,0
67,1,1,29.0,0,0,10.5,0,0,1,0,1,0,0,0,1,0,0,0
68,0,0,19.0,0,0,8.1583,0,1,0,1,0,0,0,0,1,0,0,0
69,1,0,17.0,4,2,7.925,0,0,1,0,0,1,0,0,1,0,0,0
70,0,0,26.0,2,0,8.6625,0,1,0,1,0,0,0,0,1,0,0,0
71,0,1,32.0,0,0,10.5,0,1,0,1,0,0,0,0,1,0,0,0
72,0,0,16.0,5,2,46.9,5,0,1,0,0,1,0,0,1,0,0,0
73,0,1,21.0,0,0,73.5,4,1,0,1,0,0,0,0,1,0,0,0
74,0,0,26.0,1,0,14.4542,0,1,0,1,0,0,0,0,0,1,0,0
75,1,0,32.0,0,0,56.4958,6,1,0,1,0,0,0,0,1,0,0,0
76,0,0,25.0,0,0,7.65,0,1,0,1,0,0,0,0,1,0,0,0
77,0,0,28.51748443358752,0,0,7.8958,0,1,0,1,0,0,0,0,1,0,0,0
78,0,0,29.319184461420658,0,0,8.05,0,1,0,1,0,0,0,0,1,0,0,0
79,1,1,0.83,0,2,29.0,1,1,0,0,0,0,1,0,1,0,0,0
80,1,0,30.0,0,0,12.475,1,0,1,0,0,1,0,0,1,0,0,0
81,0,0,22.0,0,0,9.0,0,1,0,1,0,0,0,0,1,0,0,0
82,1,0,29.0,0,0,9.5,0,1,0,1,0,0,0,0,1,0,0,0
83,1,0,19.479992223447297,0,0,7.7875,0,0,1,0,0,1,0,0,0,0,1,0
84,0,2,28.0,0,0,47.1,0,1,0,1,0,0,0,0,1,0,0,0
85,1,1,17.0,0,0,10.5,0,0,1,0,0,1,0,0,1,0,0,0
86,1,0,33.0,3,0,15.85,1,0,1,0,1,0,0,0,1,0,0,0
87,0,0,16.0,1,3,34.375,3,1,0,1,0,0,0,0,1,0,0,0
88,0,0,29.319184461420658,0,0,8.05,0,1,0,1,0,0,0,0,1,0,0,0
89,1,2,23.0,3,2,100.2688,3,0,1,0,0,1,0,0,1,0,0,0
90,0,0,24.0,0,0,8.05,0,1,0,1,0,0,0,0,1,0,0,0
91,0,0,29.0,0,0,8.05,0,1,0,1,0,0,0,0,1,0,0,0
92,0,0,20.0,0,0,7.8542,0,1,0,1,0,0,0,0,1,0,0,0
93,0,2,46.0,1,0,61.175,0,1,0,1,0,0,0,0,1,0,0,0
94,0,0,26.0,1,2,20.575,1,1,0,1,0,0,0,0,1,0,0,0
95,0,0,59.0,0,0,7.25,0,1,0,1,0,0,0,0,1,0,0,0
96,0,0,29.319184461420658,0,0,8.05,0,1,0,1,0,0,0,0,1,0,0,0
97,0,2,71.0,0,0,34.6542,0,1,0,1,0,0,0,0,0,1,0,0
98,1,2,23.0,0,1,63.3583,0,1,0,1,0,0,0,0,0,1,0,0
99,1,1,34.0,0,1,23.0,1,0,1,0,1,0,0,0,1,0,0,0
100,0,1,34.0,1,0,26.0,1,1,0,1,0,0,0,0,1,0,0,0
101,0,0,28.0,0,0,7.8958,0,0,1,0,0,1,0,0,1,0,0,0
102,0,0,28.51748443358752,0,0,7.8958,0,1,0,1,0,0,0,0,1,0,0,0
103,0,2,21.0,0,1,77.2875,1,1,0,1,0,0,0,0,1,0,0,0
104,0,0,33.0,0,0,8.6542,0,1,0,1,0,0,0,0,1,0,0,0
105,0,0,37.0,2,0,7.925,0,1,0,1,0,0,0,0,1,0,0,0
106,0,0,28.0,0,0,7.8958,0,1,0,1,0,0,0,0,1,0,0,0
107,1,0,21.0,0,0,7.65,0,0,1,0,0,1,0,0,1,0,0,0
108,1,0,27.725671560927168,0,0,7.775,0,1,0,1,0,0,0,0,1,0,0,0
109,0,0,38.0,0,0,7.8958,0,1,0,1,0,0,0,0,1,0,0,0
110,1,0,18.29054653679653,1,0,24.15,2,0,1,0,0,1,0,0,0,0,1,0
111,0,2,47.0,0,0,52.0,1,1,0,1,0,0,0,0,1,0,0,0
112,0,0,14.5,1,0,14.4542,1,0,1,0,0,1,0,0,0,1,0,0
113,0,0,22.0,0,0,8.05,0,1,0,1,0,0,0,0,1,0,0,0
114,0,0,20.0,1,0,9.825,0,0,1,0,0,1,0,0,1,0,0,0
115,0,0,17.0,0,0,14.4583,1,0,1,0,0,1,0,0,0,1,0,0
116,0,0,21.0,0,0,7.925,0,1,0,1,0,0,0,0,1,0,0,0
117,0,0,70.5,0,0,7.75,0,1,0,1,0,0,0,0,0,0,1,0
118,0,1,29.0,1,0,21.0,1,1,0,1,0,0,0,0,1,0,0,0
119,0,2,24.0,0,1,100.2688,1,1,0,1,0,0,0,0,0,1,0,0
120,0,0,2.0,4,2,31.275,6,0,1,0,0,1,0,0,1,0,0,0
121,0,1,21.0,2,0,73.5,4,1,0,1,0,0,0,0,1,0,0,0
122,0,0,29.319184461420658,0,0,8.05,0,1,0,1,0,0,0,0,1,0,0,0
123,0,1,32.5,1,0,30.0708,1,1,0,1,0,0,0,0,0,1,0,0
124,1,1,32.5,0,0,13.0,0,0,1,0,0,1,0,0,1,0,0,0
125,0,2,54.0,0,1,77.2875,1,1,0,1,0,0,0,0,1,0,0,0
126,1,0,12.0,1,0,11.2417,1,1,0,0,0,0,1,0,0,1,0,0
127,0,0,39.457867340588315,0,0,7.75,0,1,0,1,0,0,0,0,0,0,1,0
128,1,0,24.0,0,0,7.1417,0,1,0,1,0,0,0,0,1,0,0,0
129,1,0,5.080820360195362,1,1,22.3583,1,0,1,0,0,1,0,0,0,1,0,0
130,0,0,45.0,0,0,6.975,0,1,0,1,0,0,0,0,1,0,0,0
131,0,0,33.0,0,0,7.8958,0,1,0,1,0,0,0,0,0,1,0,0
132,0,0,20.0,0,0,7.05,0,1,0,1,0,0,0,0,1,0,0,0
133,0,0,47.0,1,0,14.5,0,0,1,0,1,0,0,0,1,0,0,0
134,1,1,29.0,1,0,26.0,0,0,1,0,1,0,0,0,1,0,0,0
135,0,1,25.0,0,0,13.0,0,1,0,1,0,0,0,0,1,0,0,0
136,0,1,23.0,0,0,15.0458,0,1,0,1,0,0,0,0,0,1,0,0
137,1,2,19.0,0,2,26.2833,0,0,1,0,0,1,0,0,1,0,0,0
138,0,2,37.0,1,0,53.1,1,1,0,1,0,0,0,0,1,0,0,0
139,0,0,16.0,0,0,9.2167,1,1,0,1,0,0,0,0,1,0,0,0
140,0,2,24.0,0,0,79.2,1,1,0,1,0,0,0,0,0,1,0,0
141,0,0,34.25891666666667,0,2,15.2458,1,0,1,0,1,0,0,0,0,1,0,0
142,1,0,22.0,0,0,7.75,0,0,1,0,0,1,0,0,1,0,0,0
143,1,0,24.0,1,0,15.85,1,0,1,0,1,0,0,0,1,0,0,0
144,0,0,19.0,0,0,6.75,0,1,0,1,0,0,0,0,0,0,1,0
145,0,1,18.0,0,0,11.5,0,1,0,1,0,0,0,0,1,0,0,0
146,0,1,19.0,1,1,36.75,1,1,0,1,0,0,0,0,1,0,0,0
147,1,0,27.0,0,0,7.7958,0,1,0,1,0,0,0,0,1,0,0,0
148,0,0,9.0,2,2,34.375,3,0,1,0,0,1,0,0,1,0,0,0
149,0,1,36.5,0,2,26.0,2,1,0,1,0,0,0,0,1,0,0,0
150,0,1,42.0,0,0,13.0,0,1,0,0,0,0,0,1,1,0,0,0
151,0,1,51.0,0,0,12.525,0,1,0,0,0,0,0,1,1,0,0,0
152,1,2,22.0,1,0,66.6,1,0,1,0,1,0,0,0,1,0,0,0
153,0,0,55.5,0,0,8.05,0,1,0,1,0,0,0,0,1,0,0,0
154,0,0,40.5,0,2,14.5,0,1,0,1,0,0,0,0,1,0,0,0
155,0,0,30.109574319386248,0,0,7.3125,0,1,0,1,0,0,0,0,1,0,0,0
156,0,2,51.0,0,1,61.3792,0,1,0,1,0,0,0,0,0,1,0,0
157,1,0,16.0,0,0,7.7333,0,0,1,0,0,1,0,0,0,0,1,0
158,0,0,30.0,0,0,8.05,0,1,0,1,0,0,0,0,1,0,0,0
159,0,0,27.597277267638365,0,0,8.6625,0,1,0,1,0,0,0,0,1,0,0,0
160,0,0,9.744914565826331,8,2,69.55,6,1,0,0,0,0,1,0,1,0,0,0
161,0,0,44.0,0,1,16.1,0,1,0,1,0,0,0,0,1,0,0,0
162,1,1,40.0,0,0,15.75,0,0,1,0,1,0,0,0,1,0,0,0
163,0,0,26.0,0,0,7.775,0,1,0,1,0,0,0,0,1,0,0,0
164,0,0,17.0,0,0,8.6625,0,1,0,1,0,0,0,0,1,0,0,0
165,0,0,1.0,4,1,39.6875,5,1,0,0,0,0,1,0,1,0,0,0
166,1,0,9.0,0,2,20.525,2,1,0,0,0,0,1,0,1,0,0,0
167,1,2,43.48348784548784,0,1,55.0,1,0,1,0,1,0,0,0,1,0,0,0
168,0,0,45.0,1,4,27.9,5,0,1,0,1,0,0,0,1,0,0,0
169,0,2,49.66193669688758,0,0,25.925,0,1,0,1,0,0,0,0,1,0,0,0
170,0,0,28.0,0,0,56.4958,6,1,0,1,0,0,0,0,1,0,0,0
171,0,2,61.0,0,0,33.5,0,1,0,1,0,0,0,0,1,0,0,0
172,0,0,4.0,4,1,29.125,4,1,0,0,0,0,1,0,0,0,1,0
173,1,0,1.0,1,1,11.1333,2,0,1,0,0,1,0,0,1,0,0,0
174,0,0,21.0,0,0,7.925,0,1,0,1,0,0,0,0,1,0,0,0
175,0,2,56.0,0,0,30.6958,0,1,0,1,0,0,0,0,0,1,0,0
176,0,0,18.0,1,1,7.8542,0,1,0,1,0,0,0,0,1,0,0,0
177,0,0,4.567716910866912,3,1,25.4667,3,1,0,0,0,0,1,0,1,0,0,0
178,0,2,50.0,0,0,28.7125,0,0,1,0,0,1,0,0,0,1,0,0
179,0,1,30.0,0,0,13.0,0,1,0,1,0,0,0,0,1,0,0,0
180,0,0,36.0,0,0,0.0,3,1,0,1,0,0,0,0,1,0,0,0
181,0,0,14.149332389382085,8,2,69.55,6,0,1,0,0,1,0,0,1,0,0,0
182,0,1,30.240480265802884,0,0,15.05,0,1,0,1,0,0,0,0,0,1,0,0
183,0,0,9.0,4,2,31.3875,3,1,0,0,0,0,1,0,1,0,0,0
184,1,1,1.0,2,1,39.0,1,1,0,0,0,0,1,0,1,0,0,0
185,1,0,4.0,0,2,22.025,0,0,1,0,0,1,0,0,1,0,0,0
186,0,2,45.114527042364855,0,0,50.0,0,1,0,1,0,0,0,0,1,0,0,0
187,1,0,28.118216269841273,1,0,15.5,1,0,1,0,1,0,0,0,0,0,1,0
188,1,2,45.0,0,0,26.55,0,1,0,1,0,0,0,0,1,0,0,0
189,0,0,40.0,1,1,15.5,1,1,0,1,0,0,0,0,0,0,1,0
190,0,0,36.0,0,0,7.8958,0,1,0,1,0,0,0,0,1,0,0,0
191,1,1,32.0,0,0,13.0,0,0,1,0,1,0,0,0,1,0,0,0
192,0,1,19.0,0,0,13.0,0,1,0,1,0,0,0,0,1,0,0,0
193,1,0,19.0,1,0,7.8542,0,0,1,0,0,1,0,0,1,0,0,0
194,1,1,3.0,1,1,26.0,2,1,0,0,0,0,1,0,1,0,0,0
195,1,2,44.0,0,0,27.7208,0,0,1,0,1,0,0,0,0,1,0,0
196,1,2,58.0,0,0,100.2688,1,0,1,0,0,1,0,0,0,1,0,0
197,0,0,39.457867340588315,0,0,7.75,0,1,0,1,0,0,0,0,0,0,1,0
198,0,0,42.0,0,1,8.4042,0,1,0,1,0,0,0,0,1,0,0,0
199,1,0,19.575816898771972,0,0,7.75,0,0,1,0,0,1,0,0,0,0,1,0
200,0,1,24.0,0,0,13.0,0,0,1,0,0,1,0,0,1,0,0,0
201,0,0,28.0,0,0,9.5,0,1,0,1,0,0,0,0,1,0,0,0
202,0,0,18.493226190476193,8,2,69.55,6,1,0,1,0,0,0,0,1,0,0,0
203,0,0,34.0,0,0,6.4958,0,1,0,1,0,0,0,0,1,0,0,0
204,0,0,45.5,0,0,7.225,0,1,0,1,0,0,0,0,0,1,0,0
205,1,0,18.0,0,0,8.05,0,1,0,1,0,0,0,0,1,0,0,0
206,0,0,2.0,0,1,10.4625,1,0,1,0,0,1,0,0,1,0,0,0
207,0,0,32.0,1,0,15.85,1,1,0,1,0,0,0,0,1,0,0,0
208,1,0,26.0,0,0,18.7875,1,1,0,1,0,0,0,0,0,1,0,0
209,1,0,16.0,0,0,7.75,0,0,1,0,0,1,0,0,0,0,1,0
210,1,2,40.0,0,0,31.0,0,1,0,1,0,0,0,0,0,1,0,0
211,0,0,24.0,0,0,7.05,0,1,0,1,0,0,0,0,1,0,0,0
212,1,1,35.0,0,0,21.0,0,0,1,0,0,1,0,0,1,0,0,0
213,0,0,22.0,0,0,7.25,0,1,0,1,0,0,0,0,1,0,0,0
214,0,1,30.0,0,0,13.0,0,1,0,1,0,0,0,0,1,0,0,0
215,0,0,34.38699694544341,1,0,7.75,0,1,0,1,0,0,0,0,0,0,1,0
216,1,2,31.0,1,0,100.2688,2,0,1,0,0,1,0,0,0,1,0,0
217,1,0,27.0,0,0,7.925,0,0,1,0,0,1,0,0,1,0,0,0
218,0,1,42.0,1,0,27.0,1,1,0,1,0,0,0,0,1,0,0,0
219,1,2,32.0,0,0,76.2917,0,0,1,0,0,1,0,0,0,1,0,0
220,0,1,30.0,0,0,10.5,0,1,0,1,0,0,0,0,1,0,0,0
221,1,0,16.0,0,0,8.05,0,1,0,1,0,0,0,0,1,0,0,0
222,0,1,27.0,0,0,13.0,0,1,0,1,0,0,0,0,1,0,0,0
223,0,0,51.0,0,0,8.05,0,1,0,1,0,0,0,0,1,0,0,0
224,0,0,28.51748443358752,0,0,7.8958,0,1,0,1,0,0,0,0,1,0,0,0
225,1,2,38.0,1,0,90.0,1,1,0,1,0,0,0,0,1,0,0,0
226,0,0,22.0,0,0,9.35,0,1,0,1,0,0,0,0,1,0,0,0
227,1,1,19.0,0,0,10.5,0,1,0,1,0,0,0,0,1,0,0,0
228,0,0,20.5,0,0,7.25,0,1,0,1,0,0,0,0,1,0,0,0
229,0,1,18.0,0,0,13.0,0,1,0,1,0,0,0,0,1,0,0,0
230,0,0,6.580950922401354,3,1,25.4667,3,0,1,0,0,1,0,0,1,0,0,0
231,1,2,35.0,1,0,83.475,1,0,1,0,1,0,0,0,1,0,0,0
232,0,0,29.0,0,0,7.775,0,1,0,1,0,0,0,0,1,0,0,0
233,0,1,59.0,0,0,13.5,0,1,0,1,0,0,0,0,1,0,0,0
234,1,0,5.0,4,2,31.3875,3,0,1,0,0,1,0,0,1,0,0,0
235,0,1,24.0,0,0,10.5,0,1,0,1,0,0,0,0,1,0,0,0
236,0,0,27.02225547501652,0,0,7.55,0,0,1,0,0,1,0,0,1,0,0,0
237,0,1,44.0,1,0,26.0,0,1,0,1,0,0,0,0,1,0,0,0
238,1,1,8.0,0,2,26.25,2,0,1,0,0,1,0,0,1,0,0,0
239,0,1,19.0,0,0,10.5,0,1,0,1,0,0,0,0,1,0,0,0
240,0,1,33.0,0,0,12.275,0,1,0,1,0,0,0,0,1,0,0,0
241,0,0,15.837176767676764,1,0,14.4542,1,0,1,0,0,1,0,0,0,1,0,0
242,1,0,17.47584415584415,1,0,15.5,1,0,1,0,0,1,0,0,0,0,1,0
243,0,1,29.0,0,0,10.5,0,1,0,1,0,0,0,0,1,0,0,0
244,0,0,22.0,0,0,7.125,0,1,0,1,0,0,0,0,1,0,0,0
245,0,0,30.0,0,0,7.225,0,1,0,1,0,0,0,0,0,1,0,0
246,0,2,44.0,2,0,90.0,1,1,0,0,0,0,0,1,0,0,1,0
247,0,0,25.0,0,0,7.775,0,0,1,0,0,1,0,0,1,0,0,0
248,1,1,24.0,0,2,14.5,1,0,1,0,1,0,0,0,1,0,0,0
249,1,2,37.0,1,1,52.5542,1,1,0,1,0,0,0,0,1,0,0,0
250,0,1,54.0,1,0,26.0,1,1,0,0,0,0,0,1,1,0,0,0
251,0,0,30.109574319386248,0,0,7.25,0,1,0,1,0,0,0,0,1,0,0,0
252,0,0,29.0,1,1,10.4625,1,0,1,0,1,0,0,0,1,0,0,0
253,0,2,62.0,0,0,26.55,0,1,0,1,0,0,0,0,1,0,0,0
254,0,0,30.0,1,0,16.1,1,1,0,1,0,0,0,0,1,0,0,0
255,0,0,41.0,0,2,20.2125,1,0,1,0,1,0,0,0,1,0,0,0
256,1,0,29.0,0,2,15.2458,0,0,1,0,1,0,0,0,0,1,0,0
257,1,2,46.60722648287385,0,0,79.2,0,0,1,0,1,0,0,0,0,1,0,0
258,1,2,30.0,0,0,86.5,2,0,1,0,0,1,0,0,1,0,0,0
259,1,2,35.0,0,0,100.2688,2,0,1,0,0,1,0,0,0,1,0,0
260,1,1,50.0,0,1,26.0,1,0,1,0,1,0,0,0,1,0,0,0
261,0,0,39.457867340588315,0,0,7.75,0,1,0,1,0,0,0,0,0,0,1,0
262,1,0,3.0,4,2,31.3875,3,1,0,0,0,0,1,0,1,0,0,0
263,0,2,52.0,1,1,79.65,2,1,0,1,0,0,0,0,1,0,0,0
264,0,2,40.0,0,0,0.0,0,1,0,1,0,0,0,0,1,0,0,0
265,0,0,25.005571315562612,0,0,7.75,0,0,1,0,0,1,0,0,0,0,1,0
266,0,1,36.0,0,0,10.5,0,1,0,1,0,0,0,0,1,0,0,0
267,0,0,16.0,4,1,39.6875,5,1,0,1,0,0,0,0,1,0,0,0
268,1,0,25.0,1,0,7.775,0,1,0,1,0,0,0,0,1,0,0,0
269,1,2,58.0,0,1,100.2688,2,0,1,0,1,0,0,0,1,0,0,0
270,1,2,35.0,0,0,100.2688,2,0,1,0,0,1,0,0,1,0,0,0
271,0,2,45.63512510763008,0,0,31.0,1,1,0,1,0,0,0,0,1,0,0,0
272,1,0,25.0,0,0,0.0,3,1,0,1,0,0,0,0,1,0,0,0
273,1,1,41.0,0,1,19.5,1,0,1,0,1,0,0,0,1,0,0,0
274,0,2,37.0,0,1,29.7,0,1,0,1,0,0,0,0,0,1,0,0
275,1,0,19.575816898771972,0,0,7.75,0,0,1,0,0,1,0,0,0,0,1,0
276,1,2,63.0,1,0,77.9583,2,0,1,0,0,1,0,0,1,0,0,0
277,0,0,45.0,0,0,7.75,0,0,1,0,0,1,0,0,1,0,0,0
278,0,1,31.069095449110424,0,0,0.0,2,1,0,1,0,0,0,0,1,0,0,0
279,0,0,7.0,4,1,29.125,4,1,0,0,0,0,1,0,0,0,1,0
280,1,0,35.0,1,1,20.25,1,0,1,0,1,0,0,0,1,0,0,0
281,0,0,65.0,0,0,7.75,0,1,0,1,0,0,0,0,0,0,1,0
282,0,0,28.0,0,0,7.8542,0,1,0,1,0,0,0,0,1,0,0,0
283,0,0,16.0,0,0,9.5,0,1,0,1,0,0,0,0,1,0,0,0
284,1,0,19.0,0,0,8.05,0,1,0,1,0,0,0,0,1,0,0,0
285,0,2,49.38193669688758,0,0,26.0,0,1,0,1,0,0,0,0,1,0,0,0
286,0,0,33.0,0,0,8.6625,0,1,0,1,0,0,0,0,0,1,0,0
287,1,0,30.0,0,0,9.5,0,1,0,1,0,0,0,0,1,0,0,0
288,0,0,22.0,0,0,7.8958,0,1,0,1,0,0,0,0,1,0,0,0
289,1,1,42.0,0,0,13.0,0,1,0,1,0,0,0,0,1,0,0,0
290,1,0,22.0,0,0,7.75,0,0,1,0,0,1,0,0,0,0,1,0
291,1,2,26.0,0,0,78.85,1,0,1,0,0,1,0,0,1,0,0,0
292,1,2,19.0,1,0,91.0792,1,0,1,0,1,0,0,0,0,1,0,0
293,0,1,36.0,0,0,12.875,0,1,0,1,0,0,0,0,0,1,0,0
294,0,0,24.0,0,0,8.85,0,0,1,0,0,1,0,0,1,0,0,0
295,0,0,24.0,0,0,7.8958,0,1,0,1,0,0,0,0,1,0,0,0
296,0,2,45.45498622486688,0,0,27.7208,0,1,0,1,0,0,0,0,0,1,0,0
297,0,0,23.5,0,0,7.2292,0,1,0,1,0,0,0,0,0,1,0,0
298,0,2,2.0,1,2,100.2688,3,0,1,0,0,1,0,0,1,0,0,0
299,1,2,39.74295780581184,0,0,30.5,0,1,0,1,0,0,0,0,1,0,0,0
300,1,2,50.0,0,1,100.2688,1,0,1,0,1,0,0,0,0,1,0,0
301,1,0,19.575816898771972,0,0,7.75,0,0,1,0,0,1,0,0,0,0,1,0
302,1,0,30.199909093069277,2,0,23.25,1,1,0,1,0,0,0,0,0,0,1,0
303,0,0,19.0,0,0,0.0,3,1,0,1,0,0,0,0,1,0,0,0
304,1,1,30.22705464814776,0,0,12.35,0,0,1,0,0,1,0,0,0,0,1,0
305,0,0,29.319184461420658,0,0,8.05,0,1,0,1,0,0,0,0,1,0,0,0
306,1,2,0.92,1,2,100.2688,3,1,0,0,0,0,1,0,1,0,0,0
307,1,2,32.52614498363954,0,0,100.2688,3,0,1,0,0,1,0,0,0,1,0,0
308,1,2,17.0,1,0,100.2688,1,0,1,0,1,0,0,0,0,1,0,0
309,0,1,30.0,1,0,24.0,1,1,0,1,0,0,0,0,0,1,0,0
310,1,2,30.0,0,0,56.9292,1,0,1,0,0,1,0,0,0,1,0,0
311,1,2,24.0,0,0,83.1583,1,0,1,0,0,1,0,0,0,1,0,0
312,1,2,18.0,2,2,100.2688,1,0,1,0,0,1,0,0,0,1,0,0
313,0,1,26.0,1,1,26.0,0,0,1,0,1,0,0,0,1,0,0,0
314,0,0,28.0,0,0,7.8958,0,1,0,1,0,0,0,0,1,0,0,0
315,0,1,43.0,1,1,26.25,2,1,0,1,0,0,0,0,1,0,0,0
316,1,0,26.0,0,0,7.8542,0,0,1,0,0,1,0,0,1,0,0,0
317,1,1,24.0,1,0,26.0,1,0,1,0,1,0,0,0,1,0,0,0
318,0,1,54.0,0,0,14.0,0,1,0,0,0,0,0,1,1,0,0,0
319,1,2,31.0,0,2,100.2688,1,0,1,0,0,1,0,0,1,0,0,0
320,1,2,40.0,1,1,100.2688,1,0,1,0,1,0,0,0,0,1,0,0
321,0,0,22.0,0,0,7.25,0,1,0,1,0,0,0,0,1,0,0,0
322,0,0,27.0,0,0,7.8958,0,1,0,1,0,0,0,0,1,0,0,0
323,1,1,30.0,0,0,12.35,0,0,1,0,0,1,0,0,0,0,1,0
324,1,1,22.0,1,1,29.0,1,0,1,0,1,0,0,0,1,0,0,0
325,0,0,18.493226190476193,8,2,69.55,6,1,0,1,0,0,0,0,1,0,0,0
326,1,2,36.0,0,0,100.2688,2,0,1,0,0,1,0,0,0,1,0,0
327,0,0,61.0,0,0,6.2375,0,1,0,1,0,0,0,0,1,0,0,0
328,1,1,36.0,0,0,13.0,0,0,1,0,1,0,0,0,1,0,0,0
329,1,0,31.0,1,1,20.525,2,0,1,0,1,0,0,0,1,0,0,0
330,1,2,16.0,0,1,57.9792,1,0,1,0,0,1,0,0,0,1,0,0
331,1,0,18.807117965367965,2,0,23.25,1,0,1,0,0,1,0,0,0,0,1,0
332,0,2,45.5,0,0,28.5,0,1,0,1,0,0,0,0,1,0,0,0
333,0,2,38.0,0,1,100.2688,2,1,0,1,0,0,0,0,1,0,0,0
334,0,0,16.0,2,0,18.0,1,1,0,1,0,0,0,0,1,0,0,0
335,1,2,32.64326135852451,1,0,100.2688,1,0,1,0,1,0,0,0,1,0,0,0
336,0,0,28.51748443358752,0,0,7.8958,0,1,0,1,0,0,0,0,1,0,0,0
337,0,2,29.0,1,0,66.6,1,1,0,1,0,0,0,0,1,0,0,0
338,1,2,41.0,0,0,100.2688,1,0,1,0,0,1,0,0,0,1,0,0
339,1,0,45.0,0,0,8.05,0,1,0,1,0,0,0,0,1,0,0,0
340,0,2,45.0,0,0,35.5,0,1,0,1,0,0,0,0,1,0,0,0
341,1,1,2.0,1,1,26.0,2,1,0,0,0,0,1,0,1,0,0,0
342,1,2,24.0,3,2,100.2688,3,0,1,0,0,1,0,0,1,0,0,0
343,0,1,28.0,0,0,13.0,0,1,0,1,0,0,0,0,1,0,0,0
344,0,1,25.0,0,0,13.0,0,1,0,1,0,0,0,0,1,0,0,0
345,0,1,36.0,0,0,13.0,0,1,0,1,0,0,0,0,1,0,0,0
346,1,1,24.0,0,0,13.0,0,0,1,0,0,1,0,0,1,0,0,0
347,1,1,40.0,0,0,13.0,0,0,1,0,0,1,0,0,1,0,0,0
348,1,0,36.18429554728897,1,0,16.1,0,0,1,0,1,0,0,0,1,0,0,0
349,1,0,3.0,1,1,15.9,1,1,0,0,0,0,1,0,1,0,0,0
350,0,0,42.0,0,0,8.6625,0,1,0,1,0,0,0,0,1,0,0,0
351,0,0,23.0,0,0,9.225,0,1,0,1,0,0,0,0,1,0,0,0
352,0,2,50.254405457224856,0,0,35.0,0,1,0,1,0,0,0,0,1,0,0,0
353,0,0,15.0,1,1,7.2292,0,1,0,1,0,0,0,0,0,1,0,0
354,0,0,25.0,1,0,17.8,1,1,0,1,0,0,0,0,1,0,0,0
355,0,0,31.18849169707783,0,0,7.225,0,1,0,1,0,0,0,0,0,1,0,0
356,0,0,28.0,0,0,9.5,0,1,0,1,0,0,0,0,1,0,0,0
357,1,2,22.0,0,1,55.0,1,0,1,0,0,1,0,0,1,0,0,0
358,0,1,38.0,0,0,13.0,0,0,1,0,0,1,0,0,1,0,0,0
359,1,0,19.548214445669522,0,0,7.8792,0,0,1,0,0,1,0,0,0,0,1,0
360,1,0,19.548214445669522,0,0,7.8792,0,0,1,0,0,1,0,0,0,0,1,0
361,0,0,40.0,1,4,27.9,5,1,0,1,0,0,0,0,1,0,0,0
362,0,1,29.0,1,0,27.7208,0,1,0,1,0,0,0,0,0,1,0,0
363,0,0,45.0,0,1,14.4542,1,0,1,0,1,0,0,0,0,1,0,0
364,0,0,35.0,0,0,7.05,0,1,0,1,0,0,0,0,1,0,0,0
365,0,0,34.65574802007073,1,0,15.5,1,1,0,1,0,0,0,0,0,0,1,0
366,0,0,30.0,0,0,7.25,0,1,0,1,0,0,0,0,1,0,0,0
367,1,2,60.0,1,0,75.25,0,0,1,0,1,0,0,0,0,1,0,0
368,1,0,28.864109755214766,0,0,7.2292,0,0,1,0,1,0,0,0,0,1,0,0
369,1,0,19.575816898771972,0,0,7.75,0,0,1,0,0,1,0,0,0,0,1,0
370,1,2,24.0,0,0,69.3,1,0,1,0,0,0,0,1,0,1,0,0
371,1,2,25.0,1,0,55.4417,0,1,0,1,0,0,0,0,0,1,0,0
372,0,0,18.0,1,0,6.4958,0,1,0,1,0,0,0,0,1,0,0,0
373,0,0,19.0,0,0,8.05,0,1,0,1,0,0,0,0,1,0,0,0
374,0,2,22.0,0,0,100.2688,2,1,0,1,0,0,0,0,0,1,0,0
375,0,0,3.0,3,1,21.075,3,0,1,0,0,1,0,0,1,0,0,0
376,1,2,39.13386446886447,1,0,82.1708,1,0,1,0,1,0,0,0,0,1,0,0
377,1,0,22.0,0,0,7.25,0,0,1,0,0,1,0,0,1,0,0,0
378,0,2,27.0,0,2,100.2688,0,1,0,1,0,0,0,0,0,1,0,0
379,0,0,20.0,0,0,4.0125,0,1,0,1,0,0,0,0,0,1,0,0
380,0,0,19.0,0,0,7.775,0,1,0,1,0,0,0,0,1,0,0,0
381,1,2,42.0,0,0,100.2688,3,0,1,0,0,1,0,0,0,1,0,0
382,1,0,1.0,0,2,15.7417,1,0,1,0,0,1,0,0,0,1,0,0
383,0,0,32.0,0,0,7.925,0,1,0,1,0,0,0,0,1,0,0,0
384,1,2,35.0,1,0,52.0,1,0,1,0,1,0,0,0,1,0,0,0
385,0,0,28.51748443358752,0,0,7.8958,0,1,0,1,0,0,0,0,1,0,0,0
386,0,1,18.0,0,0,73.5,4,1,0,1,0,0,0,0,1,0,0,0
387,0,0,1.0,5,2,46.9,5,1,0,0,0,0,1,0,1,0,0,0
388,1,1,36.0,0,0,13.0,0,0,1,0,0,1,0,0,1,0,0,0
389,0,0,31.485444938714817,0,0,7.7292,0,1,0,1,0,0,0,0,0,0,1,0
390,1,1,17.0,0,0,12.0,0,0,1,0,0,1,0,0,0,1,0,0
391,1,2,36.0,1,2,100.2688,3,1,0,1,0,0,0,0,1,0,0,0
392,1,0,21.0,0,0,7.7958,0,1,0,1,0,0,0,0,1,0,0,0
393,0,0,28.0,2,0,7.925,0,1,0,1,0,0,0,0,1,0,0,0
394,1,2,23.0,1,0,100.2688,2,0,1,0,0,1,0,0,0,1,0,0
395,1,0,24.0,0,2,16.7,1,0,1,0,1,0,0,0,1,0,0,0
396,0,0,22.0,0,0,7.7958,0,1,0,1,0,0,0,0,1,0,0,0
397,0,0,31.0,0,0,7.8542,0,0,1,0,0,1,0,0,1,0,0,0
398,0,1,46.0,0,0,26.0,1,1,0,1,0,0,0,0,1,0,0,0
399,0,1,23.0,0,0,10.5,0,1,0,0,0,0,0,1,1,0,0,0
400,1,1,28.0,0,0,12.65,0,0,1,0,1,0,0,0,1,0,0,0
401,1,0,39.0,0,0,7.925,0,1,0,1,0,0,0,0,1,0,0,0
402,0,0,26.0,0,0,8.05,0,1,0,1,0,0,0,0,1,0,0,0
403,0,0,21.0,1,0,9.825,0,0,1,0,0,1,0,0,1,0,0,0
404,0,0,28.0,1,0,15.85,1,1,0,1,0,0,0,0,1,0,0,0
405,0,0,20.0,0,0,8.6625,0,0,1,0,0,1,0,0,1,0,0,0
406,0,1,34.0,1,0,21.0,0,1,0,1,0,0,0,0,1,0,0,0
407,0,0,51.0,0,0,7.75,0,1,0,1,0,0,0,0,1,0,0,0
408,1,1,3.0,1,1,18.75,2,1,0,0,0,0,1,0,1,0,0,0
409,0,0,21.0,0,0,7.775,0,1,0,1,0,0,0,0,1,0,0,0
410,0,0,6.580950922401354,3,1,25.4667,3,0,1,0,0,1,0,0,1,0,0,0
411,0,0,28.51748443358752,0,0,7.8958,0,1,0,1,0,0,0,0,1,0,0,0
412,0,0,29.904553237704036,0,0,6.8583,0,1,0,1,0,0,0,0,0,0,1,0
413,1,2,33.0,1,0,90.0,1,0,1,0,0,1,0,0,0,0,1,0
414,0,1,31.069095449110424,0,0,0.0,2,1,0,1,0,0,0,0,1,0,0,0
415,1,0,44.0,0,0,7.925,0,1,0,1,0,0,0,0,1,0,0,0
416,0,0,37.23470317660332,0,0,8.05,0,0,1,0,1,0,0,0,1,0,0,0
417,1,1,34.0,1,1,32.5,0,0,1,0,1,0,0,0,1,0,0,0
418,1,1,18.0,0,2,13.0,0,0,1,0,0,1,0,0,1,0,0,0
419,0,1,30.0,0,0,13.0,0,1,0,1,0,0,0,0,1,0,0,0
420,0,0,10.0,0,2,24.15,2,0,1,0,0,1,0,0,1,0,0,0
421,0,0,30.327811413254427,0,0,7.8958,0,1,0,1,0,0,0,0,0,1,0,0
422,0,0,21.0,0,0,7.7333,0,1,0,1,0,0,0,0,0,0,1,0
423,0,0,29.0,0,0,7.875,0,1,0,1,0,0,0,0,1,0,0,0
424,0,0,28.0,1,1,14.4,1,0,1,0,1,0,0,0,1,0,0,0
425,0,0,18.0,1,1,20.2125,1,1,0,1,0,0,0,0,1,0,0,0
426,0,0,30.109574319386248,0,0,7.25,0,1,0,1,0,0,0,0,1,0,0,0
427,1,1,28.0,1,0,26.0,0,0,1,0,1,0,0,0,1,0,0,0
428,1,1,19.0,0,0,26.0,1,0,1,0,0,1,0,0,1,0,0,0
429,0,0,39.457867340588315,0,0,7.75,0,1,0,1,0,0,0,0,0,0,1,0
430,1,0,32.0,0,0,8.05,0,1,0,1,0,0,0,0,1,0,0,0
431,1,2,28.0,0,0,26.55,0,1,0,1,0,0,0,0,1,0,0,0
432,1,0,26.494622067990484,1,0,16.1,1,0,1,0,1,0,0,0,1,0,0,0
433,1,1,42.0,1,0,26.0,0,0,1,0,1,0,0,0,1,0,0,0
434,0,0,17.0,0,0,7.125,0,1,0,1,0,0,0,0,1,0,0,0
435,0,2,50.0,1,0,55.9,1,1,0,1,0,0,0,0,1,0,0,0
436,1,2,14.0,1,2,100.2688,3,0,1,0,0,1,0,0,1,0,0,0
437,0,0,21.0,2,2,34.375,3,0,1,0,0,1,0,0,1,0,0,0
438,1,1,24.0,2,3,18.75,2,0,1,0,1,0,0,0,1,0,0,0
439,0,2,64.0,1,4,100.2688,3,1,0,1,0,0,0,0,1,0,0,0
440,0,1,31.0,0,0,10.5,0,1,0,1,0,0,0,0,1,0,0,0
441,1,1,45.0,1,1,26.25,2,0,1,0,1,0,0,0,1,0,0,0
442,0,0,20.0,0,0,9.5,0,1,0,1,0,0,0,0,1,0,0,0
443,0,0,25.0,1,0,7.775,0,1,0,1,0,0,0,0,1,0,0,0
444,1,1,28.0,0,0,13.0,0,0,1,0,0,0,0,1,1,0,0,0
445,1,0,27.872339176844317,0,0,8.1125,0,1,0,1,0,0,0,0,1,0,0,0
446,1,2,4.0,0,2,81.8583,0,1,0,0,0,0,1,0,1,0,0,0
447,1,1,13.0,0,1,19.5,1,0,1,0,0,1,0,0,1,0,0,0
448,1,2,34.0,0,0,26.55,0,1,0,1,0,0,0,0,1,0,0,0
449,1,0,5.0,2,1,19.2583,3,0,1,0,0,1,0,0,0,1,0,0
450,1,2,52.0,0,0,30.5,0,1,0,0,0,0,0,1,1,0,0,0
451,0,1,36.0,1,2,27.75,2,1,0,1,0,0,0,0,1,0,0,0
452,0,0,28.78826382557973,1,0,19.9667,0,1,0,1,0,0,0,0,1,0,0,0
453,0,2,30.0,0,0,27.75,0,1,0,1,0,0,0,0,0,1,0,0
454,1,2,49.0,1,0,89.1042,1,1,0,1,0,0,0,0,0,1,0,0
455,0,0,29.319184461420658,0,0,8.05,0,1,0,1,0,0,0,0,1,0,0,0
456,1,0,29.0,0,0,7.8958,0,1,0,1,0,0,0,0,0,1,0,0
457,0,2,65.0,0,0,26.55,0,1,0,1,0,0,0,0,1,0,0,0
458,1,2,42.38894320908976,1,0,51.8625,0,0,1,0,1,0,0,0,1,0,0,0
459,1,1,50.0,0,0,10.5,0,0,1,0,0,1,0,0,1,0,0,0
460,0,0,39.457867340588315,0,0,7.75,0,1,0,1,0,0,0,0,0,0,1,0
461,1,2,48.0,0,0,26.55,0,1,0,1,0,0,0,0,1,0,0,0
462,0,0,34.0,0,0,8.05,0,1,0,1,0,0,0,0,1,0,0,0
463,0,2,47.0,0,0,38.5,0,1,0,1,0,0,0,0,1,0,0,0
464,0,1,48.0,0,0,13.0,0,1,0,1,0,0,0,0,1,0,0,0
465,0,0,29.319184461420658,0,0,8.05,0,1,0,1,0,0,0,0,1,0,0,0
466,0,0,38.0,0,0,7.05,0,1,0,1,0,0,0,0,1,0,0,0
467,0,1,31.069095449110424,0,0,0.0,2,1,0,1,0,0,0,0,1,0,0,0
468,0,2,56.0,0,0,26.55,0,1,0,1,0,0,0,0,1,0,0,0
469,0,0,31.485444938714817,0,0,7.725,0,1,0,1,0,0,0,0,0,0,1,0
470,1,0,0.75,2,1,19.2583,3,0,1,0,0,1,0,0,0,1,0,0
471,0,0,30.109574319386248,0,0,7.25,0,1,0,1,0,0,0,0,1,0,0,0
472,0,0,38.0,0,0,8.6625,0,1,0,1,0,0,0,0,1,0,0,0
473,1,1,33.0,1,2,27.75,2,0,1,0,1,0,0,0,1,0,0,0
474,1,1,23.0,0,0,13.7917,0,0,1,0,1,0,0,0,0,1,0,0
475,0,0,22.0,0,0,9.8375,0,0,1,0,0,1,0,0,1,0,0,0
476,0,2,42.30086129137946,0,0,52.0,1,1,0,1,0,0,0,0,1,0,0,0
477,0,1,34.0,1,0,21.0,1,1,0,1,0,0,0,0,1,0,0,0
478,0,0,29.0,1,0,7.0458,0,1,0,1,0,0,0,0,1,0,0,0
479,0,0,22.0,0,0,7.5208,0,1,0,1,0,0,0,0,1,0,0,0
480,1,0,2.0,0,1,12.2875,0,0,1,0,0,1,0,0,1,0,0,0
481,0,0,9.0,5,2,46.9,5,1,0,0,0,0,1,0,1,0,0,0
482,0,1,36.417525093831586,0,0,0.0,0,1,0,1,0,0,0,0,1,0,0,0
483,0,0,50.0,0,0,8.05,0,1,0,1,0,0,0,0,1,0,0,0
484,1,0,63.0,0,0,9.5875,0,0,1,0,1,0,0,0,1,0,0,0
485,1,2,25.0,1,0,91.0792,1,1,0,1,0,0,0,0,0,1,0,0
486,0,0,6.580950922401354,3,1,25.4667,3,0,1,0,0,1,0,0,1,0,0,0
487,1,2,35.0,1,0,90.0,1,0,1,0,1,0,0,0,1,0,0,0
488,0,2,58.0,0,0,29.7,0,1,0,1,0,0,0,0,0,1,0,0
489,0,0,30.0,0,0,8.05,0,1,0,1,0,0,0,0,1,0,0,0
490,1,0,9.0,1,1,15.9,1,1,0,0,0,0,1,0,1,0,0,0
491,0,0,28.78826382557973,1,0,19.9667,0,1,0,1,0,0,0,0,1,0,0,0
492,0,0,21.0,0,0,7.25,0,1,0,1,0,0,0,0,1,0,0,0
493,0,2,55.0,0,0,30.5,0,1,0,1,0,0,0,0,1,0,0,0
494,0,2,71.0,0,0,49.5042,0,1,0,1,0,0,0,0,0,1,0,0
495,0,0,21.0,0,0,8.05,0,1,0,1,0,0,0,0,1,0,0,0
496,0,0,23.37120630127466,0,0,14.4583,1,1,0,1,0,0,0,0,0,1,0,0
497,1,2,54.0,1,0,78.2667,1,0,1,0,0,1,0,0,0,1,0,0
498,0,0,30.154982947049593,0,0,15.1,0,1,0,1,0,0,0,0,1,0,0,0
499,0,2,25.0,1,2,100.2688,3,0,1,0,1,0,0,0,1,0,0,0
500,0,0,24.0,0,0,7.7958,0,1,0,1,0,0,0,0,1,0,0,0
501,0,0,17.0,0,0,8.6625,0,1,0,1,0,0,0,0,1,0,0,0
502,0,0,21.0,0,0,7.75,0,0,1,0,0,1,0,0,0,0,1,0
503,0,0,23.442908058955613,0,0,7.6292,0,0,1,0,0,1,0,0,0,0,1,0
504,0,0,37.0,0,0,9.5875,0,0,1,0,0,1,0,0,1,0,0,0
505,1,2,16.0,0,0,86.5,2,0,1,0,0,1,0,0,1,0,0,0
506,0,2,18.0,1,0,100.2688,1,1,0,1,0,0,0,0,0,1,0,0
507,1,1,33.0,0,2,26.0,1,0,1,0,1,0,0,0,1,0,0,0
508,1,2,42.65410957486014,0,0,26.55,0,1,0,1,0,0,0,0,1,0,0,0
509,0,0,28.0,0,0,22.525,0,1,0,1,0,0,0,0,1,0,0,0
510,1,0,26.0,0,0,56.4958,6,1,0,1,0,0,0,0,1,0,0,0
511,1,0,29.0,0,0,7.75,0,1,0,1,0,0,0,0,0,0,1,0
512,0,0,29.319184461420658,0,0,8.05,0,1,0,1,0,0,0,0,1,0,0,0
513,1,2,36.0,0,0,26.2875,0,1,0,1,0,0,0,0,1,0,0,0
514,1,2,54.0,1,0,59.4,0,0,1,0,1,0,0,0,0,1,0,0
515,0,0,24.0,0,0,7.4958,0,1,0,1,0,0,0,0,1,0,0,0
516,0,2,47.0,0,0,34.0208,0,1,0,1,0,0,0,0,1,0,0,0
517,1,1,34.0,0,0,10.5,0,0,1,0,1,0,0,0,1,0,0,0
518,0,0,36.44358352913157,0,0,24.15,2,1,0,1,0,0,0,0,0,0,1,0
519,1,1,36.0,1,0,26.0,0,0,1,0,1,0,0,0,1,0,0,0
520,0,0,32.0,0,0,7.8958,0,1,0,1,0,0,0,0,1,0,0,0
521,1,2,30.0,0,0,93.5,1,0,1,0,0,1,0,0,1,0,0,0
522,0,0,22.0,0,0,7.8958,0,1,0,1,0,0,0,0,1,0,0,0
523,0,0,31.18849169707783,0,0,7.225,0,1,0,1,0,0,0,0,0,1,0,0
524,1,2,44.0,0,1,57.9792,1,0,1,0,1,0,0,0,0,1,0,0
525,0,0,29.151163846232265,0,0,7.2292,0,1,0,1,0,0,0,0,0,1,0,0
526,0,0,40.5,0,0,7.75,0,1,0,1,0,0,0,0,0,0,1,0
527,1,1,50.0,0,0,10.5,0,0,1,0,0,1,0,0,1,0,0,0
528,0,2,39.442158469867216,0,0,100.2688,0,1,0,1,0,0,0,0,1,0,0,0
529,0,0,39.0,0,0,7.925,0,1,0,1,0,0,0,0,1,0,0,0
530,0,1,23.0,2,1,11.5,0,1,0,1,0,0,0,0,1,0,0,0
531,1,1,2.0,1,1,26.0,1,0,1,0,0,1,0,0,1,0,0,0
532,0,0,29.151163846232265,0,0,7.2292,0,1,0,1,0,0,0,0,0,1,0,0
533,0,0,17.0,1,1,7.2292,0,1,0,1,0,0,0,0,0,1,0,0
534,1,0,28.14616666666667,0,2,22.3583,1,0,1,0,1,0,0,0,0,1,0,0
535,0,0,30.0,0,0,8.6625,0,0,1,0,0,1,0,0,1,0,0,0
536,1,1,7.0,0,2,26.25,2,0,1,0,0,1,0,0,1,0,0,0
537,0,2,45.0,0,0,26.55,0,1,0,0,0,0,0,1,1,0,0,0
538,1,2,30.0,0,0,100.2688,1,0,1,0,0,1,0,0,0,1,0,0
539,0,0,29.85949139951159,0,0,14.5,0,1,0,1,0,0,0,0,1,0,0,0
540,1,2,22.0,0,2,49.5,0,0,1,0,0,1,0,0,0,1,0,0
541,1,2,36.0,0,2,71.0,1,0,1,0,0,1,0,0,1,0,0,0
542,0,0,9.0,4,2,31.275,6,0,1,0,0,1,0,0,1,0,0,0
543,0,0,11.0,4,2,31.275,6,0,1,0,0,1,0,0,1,0,0,0
544,1,1,32.0,1,0,26.0,1,1,0,1,0,0,0,0,1,0,0,0
545,0,2,50.0,1,0,100.2688,1,1,0,1,0,0,0,0,0,1,0,0
546,0,2,64.0,0,0,26.0,0,1,0,1,0,0,0,0,1,0,0,0
547,1,1,19.0,1,0,26.0,1,0,1,0,1,0,0,0,1,0,0,0
548,1,1,29.74255180633229,0,0,13.8625,0,1,0,1,0,0,0,0,0,1,0,0
549,0,0,33.0,1,1,20.525,2,1,0,1,0,0,0,0,1,0,0,0
550,1,1,8.0,1,1,36.75,1,1,0,0,0,0,1,0,1,0,0,0
551,1,2,17.0,0,2,100.2688,3,1,0,1,0,0,0,0,0,1,0,0
552,0,1,27.0,0,0,26.0,0,1,0,1,0,0,0,0,1,0,0,0
553,0,0,37.011443587148996,0,0,7.8292,0,1,0,1,0,0,0,0,0,0,1,0
554,1,0,22.0,0,0,7.225,0,1,0,1,0,0,0,0,0,1,0,0
555,1,0,22.0,0,0,7.775,0,0,1,0,0,1,0,0,1,0,0,0
556,0,2,62.0,0,0,26.55,0,1,0,1,0,0,0,0,1,0,0,0
557,1,2,48.0,1,0,39.6,0,0,1,0,0,0,0,1,0,1,0,0
558,0,2,30.175699210146583,0,0,100.2688,3,1,0,1,0,0,0,0,0,1,0,0
559,1,2,39.0,1,1,79.65,2,0,1,0,1,0,0,0,1,0,0,0
560,1,0,36.0,1,0,17.4,0,0,1,0,1,0,0,0,1,0,0,0
561,0,0,39.457867340588315,0,0,7.75,0,1,0,1,0,0,0,0,0,0,1,0
562,0,0,40.0,0,0,7.8958,0,1,0,1,0,0,0,0,1,0,0,0
563,0,1,28.0,0,0,13.5,0,1,0,1,0,0,0,0,1,0,0,0
564,0,0,29.319184461420658,0,0,8.05,0,1,0,1,0,0,0,0,1,0,0,0
565,0,0,24.378374670292693,0,0,8.05,0,0,1,0,0,1,0,0,1,0,0,0
566,0,0,24.0,2,0,24.15,1,1,0,1,0,0,0,0,1,0,0,0
567,0,0,19.0,0,0,7.8958,0,1,0,1,0,0,0,0,1,0,0,0
568,0,0,29.0,0,4,21.075,3,0,1,0,1,0,0,0,1,0,0,0
569,0,0,29.151163846232265,0,0,7.2292,0,1,0,1,0,0,0,0,0,1,0,0
570,1,0,32.0,0,0,7.8542,0,1,0,1,0,0,0,0,1,0,0,0
571,1,1,62.0,0,0,10.5,0,1,0,1,0,0,0,0,1,0,0,0
572,1,2,53.0,2,0,51.4792,0,0,1,0,1,0,0,0,1,0,0,0
573,1,2,36.0,0,0,26.3875,0,1,0,1,0,0,0,0,1,0,0,0
574,1,0,19.575816898771972,0,0,7.75,0,0,1,0,0,1,0,0,0,0,1,0
575,0,0,16.0,0,0,8.05,0,1,0,1,0,0,0,0,1,0,0,0
576,0,0,19.0,0,0,14.5,1,1,0,1,0,0,0,0,1,0,0,0
577,1,1,34.0,0,0,13.0,0,0,1,0,0,1,0,0,1,0,0,0
578,1,2,39.0,1,0,55.9,1,0,1,0,1,0,0,0,1,0,0,0
579,0,0,32.205042815371755,1,0,14.4583,0,0,1,0,1,0,0,0,0,1,0,0
580,1,0,32.0,0,0,7.925,0,1,0,1,0,0,0,0,1,0,0,0
581,1,1,25.0,1,1,30.0,0,0,1,0,0,1,0,0,1,0,0,0
582,1,2,39.0,1,1,100.2688,3,0,1,0,1,0,0,0,0,1,0,0
583,0,1,54.0,0,0,26.0,1,1,0,1,0,0,0,0,1,0,0,0
584,0,2,36.0,0,0,40.125,0,1,0,1,0,0,0,0,0,1,0,0
585,0,0,30.014113614239207,0,0,8.7125,0,1,0,1,0,0,0,0,0,1,0,0
586,1,2,18.0,0,2,79.65,2,0,1,0,0,1,0,0,1,0,0,0
587,0,1,47.0,0,0,15.0,0,1,0,1,0,0,0,0,1,0,0,0
588,1,2,60.0,1,1,79.2,0,1,0,1,0,0,0,0,0,1,0,0
589,0,0,22.0,0,0,8.05,0,1,0,1,0,0,0,0,1,0,0,0
590,0,0,29.319184461420658,0,0,8.05,0,1,0,1,0,0,0,0,1,0,0,0
591,0,0,35.0,0,0,7.125,0,1,0,1,0,0,0,0,1,0,0,0
592,1,2,52.0,1,0,78.2667,1,0,1,0,1,0,0,0,0,1,0,0
593,0,0,47.0,0,0,7.25,0,1,0,1,0,0,0,0,1,0,0,0
594,0,0,13.812875404945455,0,2,7.75,0,0,1,0,0,1,0,0,0,0,1,0
595,0,1,37.0,1,0,26.0,0,1,0,1,0,0,0,0,1,0,0,0
596,0,0,36.0,1,1,24.15,2,1,0,1,0,0,0,0,1,0,0,0
597,1,1,20.712497405372407,0,0,33.0,2,0,1,0,0,1,0,0,1,0,0,0
598,0,0,49.0,0,0,0.0,3,1,0,1,0,0,0,0,1,0,0,0
599,0,0,31.18849169707783,0,0,7.225,0,1,0,1,0,0,0,0,0,1,0,0
600,1,2,49.0,1,0,56.9292,1,1,0,0,0,0,0,1,0,1,0,0
601,1,1,24.0,2,1,27.0,1,0,1,0,1,0,0,0,1,0,0,0
602,0,0,28.51748443358752,0,0,7.8958,0,1,0,1,0,0,0,0,1,0,0,0
603,0,2,45.19365913687852,0,0,42.4,0,1,0,1,0,0,0,0,1,0,0,0
604,0,0,44.0,0,0,8.05,0,1,0,1,0,0,0,0,1,0,0,0
605,1,2,35.0,0,0,26.55,0,1,0,1,0,0,0,0,0,1,0,0
606,0,0,36.0,1,0,15.55,0,1,0,1,0,0,0,0,1,0,0,0
607,0,0,30.0,0,0,7.8958,0,1,0,1,0,0,0,0,1,0,0,0
608,1,2,27.0,0,0,30.5,0,1,0,1,0,0,0,0,1,0,0,0
609,1,1,22.0,1,2,41.5792,2,0,1,0,1,0,0,0,0,1,0,0
610,1,2,40.0,0,0,100.2688,2,0,1,0,0,1,0,0,1,0,0,0
611,0,0,39.0,1,5,31.275,6,0,1,0,1,0,0,0,1,0,0,0
612,0,0,30.25427619629806,0,0,7.05,0,1,0,1,0,0,0,0,1,0,0,0
613,1,0,17.47584415584415,1,0,15.5,1,0,1,0,0,1,0,0,0,0,1,0
614,0,0,39.457867340588315,0,0,7.75,0,1,0,1,0,0,0,0,0,0,1,0
615,0,0,35.0,0,0,8.05,0,1,0,1,0,0,0,0,1,0,0,0
616,1,1,24.0,1,2,65.0,1,0,1,0,0,1,0,0,1,0,0,0
617,0,0,34.0,1,1,14.4,1,1,0,1,0,0,0,0,1,0,0,0
618,0,0,26.0,1,0,16.1,1,0,1,0,1,0,0,0,1,0,0,0
619,1,1,4.0,2,1,39.0,1,0,1,0,0,1,0,0,1,0,0,0
620,0,1,26.0,0,0,10.5,0,1,0,1,0,0,0,0,1,0,0,0
621,0,0,27.0,1,0,14.4542,1,1,0,1,0,0,0,0,0,1,0,0
622,1,2,42.0,1,0,52.5542,0,1,0,1,0,0,0,0,1,0,0,0
623,1,0,20.0,1,1,15.7417,1,1,0,1,0,0,0,0,0,1,0,0
624,0,0,21.0,0,0,7.8542,0,1,0,1,0,0,0,0,1,0,0,0
625,0,0,21.0,0,0,16.1,1,1,0,1,0,0,0,0,1,0,0,0
626,0,2,61.0,0,0,32.3208,0,1,0,1,0,0,0,0,1,0,0,0
627,0,1,57.0,0,0,12.35,0,1,0,0,0,0,0,1,0,0,1,0
628,1,2,21.0,0,0,77.9583,2,0,1,0,0,1,0,0,1,0,0,0
629,0,0,26.0,0,0,7.8958,0,1,0,1,0,0,0,0,1,0,0,0
630,0,0,31.485444938714817,0,0,7.7333,0,1,0,1,0,0,0,0,0,0,1,0
631,1,2,80.0,0,0,30.0,0,1,0,1,0,0,0,0,1,0,0,0
632,0,0,51.0,0,0,7.0542,0,1,0,1,0,0,0,0,1,0,0,0
633,1,2,32.0,0,0,30.5,0,1,0,0,0,0,0,1,0,1,0,0
634,0,2,41.21917286394607,0,0,0.0,0,1,0,1,0,0,0,0,1,0,0,0
635,0,0,9.0,3,2,27.9,5,0,1,0,0,1,0,0,1,0,0,0
636,1,1,28.0,0,0,13.0,0,0,1,0,0,1,0,0,1,0,0,0
637,0,0,32.0,0,0,7.925,0,1,0,1,0,0,0,0,1,0,0,0
638,0,1,31.0,1,1,26.25,2,1,0,1,0,0,0,0,1,0,0,0
639,0,0,41.0,0,5,39.6875,5,0,1,0,1,0,0,0,1,0,0,0
640,0,0,27.46868899961203,1,0,16.1,1,1,0,1,0,0,0,0,1,0,0,0
641,0,0,20.0,0,0,7.8542,0,1,0,1,0,0,0,0,1,0,0,0
642,1,2,24.0,0,0,69.3,1,0,1,0,0,0,0,1,0,1,0,0
643,0,0,2.0,3,2,27.9,5,0,1,0,0,1,0,0,1,0,0,0
644,1,0,29.219373047742057,0,0,56.4958,6,1,0,1,0,0,0,0,1,0,0,0
645,1,0,0.75,2,1,19.2583,3,0,1,0,0,1,0,0,0,1,0,0
646,1,2,48.0,1,0,76.7292,2,1,0,1,0,0,0,0,0,1,0,0
647,0,0,19.0,0,0,7.8958,0,1,0,1,0,0,0,0,1,0,0,0
648,1,2,56.0,0,0,35.5,0,1,0,0,0,0,0,1,0,1,0,0
649,0,0,30.041243329356902,0,0,7.55,0,1,0,1,0,0,0,0,1,0,0,0
650,1,0,23.0,0,0,7.55,0,0,1,0,0,1,0,0,1,0,0,0
651,0,0,28.51748443358752,0,0,7.8958,0,1,0,1,0,0,0,0,1,0,0,0
652,1,1,18.0,0,1,23.0,1,0,1,0,0,1,0,0,1,0,0,0
653,0,0,21.0,0,0,8.4333,0,1,0,1,0,0,0,0,1,0,0,0
654,1,0,19.58432555678063,0,0,7.8292,0,0,1,0,0,1,0,0,0,0,1,0
655,0,0,18.0,0,0,6.75,0,0,1,0,0,1,0,0,0,0,1,0
656,0,1,24.0,2,0,73.5,4,1,0,1,0,0,0,0,1,0,0,0
657,0,0,28.51748443358752,0,0,7.8958,0,1,0,1,0,0,0,0,1,0,0,0
658,0,0,32.0,1,1,15.5,1,0,1,0,1,0,0,0,0,0,1,0
659,0,1,23.0,0,0,13.0,0,1,0,1,0,0,0,0,1,0,0,0
660,0,2,58.0,0,2,100.2688,2,1,0,1,0,0,0,0,0,1,0,0
661,1,2,50.0,2,0,100.2688,1,1,0,0,0,0,0,1,1,0,0,0
662,0,0,40.0,0,0,7.225,0,1,0,1,0,0,0,0,0,1,0,0
663,0,2,47.0,0,0,25.5875,0,1,0,1,0,0,0,0,1,0,0,0
664,0,0,36.0,0,0,7.4958,0,1,0,1,0,0,0,0,1,0,0,0
665,1,0,20.0,1,0,7.925,0,1,0,1,0,0,0,0,1,0,0,0
666,0,1,32.0,2,0,73.5,4,1,0,1,0,0,0,0,1,0,0,0
667,0,1,25.0,0,0,13.0,0,1,0,1,0,0,0,0,1,0,0,0
668,0,0,28.975166189636283,0,0,7.775,0,1,0,1,0,0,0,0,1,0,0,0
669,0,0,43.0,0,0,8.05,0,1,0,1,0,0,0,0,1,0,0,0
670,1,2,35.35382035971691,1,0,52.0,1,0,1,0,1,0,0,0,1,0,0,0
671,1,1,40.0,1,1,39.0,1,0,1,0,1,0,0,0,1,0,0,0
672,0,2,31.0,1,0,52.0,0,1,0,1,0,0,0,0,1,0,0,0
673,0,1,70.0,0,0,10.5,0,1,0,1,0,0,0,0,1,0,0,0
674,1,1,31.0,0,0,13.0,0,1,0,1,0,0,0,0,1,0,0,0
675,0,1,36.417525093831586,0,0,0.0,0,1,0,1,0,0,0,0,1,0,0,0
676,0,0,18.0,0,0,7.775,0,1,0,1,0,0,0,0,1,0,0,0
677,0,0,24.5,0,0,8.05,0,1,0,1,0,0,0,0,1,0,0,0
678,1,0,18.0,0,0,9.8417,0,0,1,0,0,1,0,0,1,0,0,0
679,0,0,43.0,1,6,46.9,5,0,1,0,1,0,0,0,1,0,0,0
680,1,2,36.0,0,1,100.2688,2,1,0,1,0,0,0,0,0,1,0,0
681,0,0,22.828220202623264,0,0,8.1375,0,0,1,0,0,1,0,0,0,0,1,0
682,1,2,27.0,0,0,76.7292,2,1,0,1,0,0,0,0,0,1,0,0
683,0,0,20.0,0,0,9.225,0,1,0,1,0,0,0,0,1,0,0,0
684,0,0,14.0,5,2,46.9,5,1,0,1,0,0,0,0,1,0,0,0
685,0,1,60.0,1,1,39.0,1,1,0,1,0,0,0,0,1,0,0,0
686,0,1,25.0,1,2,41.5792,2,1,0,1,0,0,0,0,0,1,0,0
687,0,0,14.0,4,1,39.6875,5,1,0,1,0,0,0,0,1,0,0,0
688,0,0,19.0,0,0,10.1708,0,1,0,1,0,0,0,0,1,0,0,0
689,0,0,18.0,0,0,7.7958,0,1,0,1,0,0,0,0,1,0,0,0
690,1,2,15.0,0,1,100.2688,2,0,1,0,0,1,0,0,1,0,0,0
691,1,2,31.0,1,0,57.0,1,1,0,1,0,0,0,0,1,0,0,0
692,1,0,4.0,0,1,13.4167,0,0,1,0,0,1,0,0,0,1,0,0
693,1,0,29.219373047742057,0,0,56.4958,6,1,0,1,0,0,0,0,1,0,0,0
694,0,0,25.0,0,0,7.225,0,1,0,1,0,0,0,0,0,1,0,0
695,0,2,60.0,0,0,26.55,0,1,0,0,0,0,0,1,1,0,0,0
696,0,1,52.0,0,0,13.5,0,1,0,1,0,0,0,0,1,0,0,0
697,0,0,44.0,0,0,8.05,0,1,0,1,0,0,0,0,1,0,0,0
698,1,0,18.917074474529553,0,0,7.7333,0,0,1,0,0,1,0,0,0,0,1,0
699,0,2,49.0,1,1,100.2688,3,1,0,1,0,0,0,0,0,1,0,0
700,0,0,42.0,0,0,7.65,0,1,0,1,0,0,0,0,1,0,0,0
701,1,2,18.0,1,0,100.2688,3,0,1,0,1,0,0,0,0,1,0,0
702,1,2,35.0,0,0,26.2875,0,1,0,1,0,0,0,0,1,0,0,0
703,0,0,18.0,0,1,14.4542,1,0,1,0,0,1,0,0,0,1,0,0
704,0,0,25.0,0,0,7.7417,0,1,0,1,0,0,0,0,0,0,1,0
705,0,0,26.0,1,0,7.8542,0,1,0,1,0,0,0,0,1,0,0,0
706,0,1,39.0,0,0,26.0,1,1,0,1,0,0,0,0,1,0,0,0
707,1,1,45.0,0,0,13.5,0,0,1,0,1,0,0,0,1,0,0,0
708,1,2,42.0,0,0,26.2875,0,1,0,1,0,0,0,0,1,0,0,0
709,1,2,22.0,0,0,100.2688,3,0,1,0,0,1,0,0,1,0,0,0
710,1,0,5.774741366966368,1,1,15.2458,1,1,0,0,0,0,1,0,0,1,0,0
711,1,2,24.0,0,0,49.5042,0,0,1,0,0,0,0,1,0,1,0,0
712,0,2,52.21354042038086,0,0,26.55,0,1,0,1,0,0,0,0,1,0,0,0
713,1,2,48.0,1,0,52.0,1,1,0,1,0,0,0,0,1,0,0,0
714,0,0,29.0,0,0,9.4833,0,1,0,1,0,0,0,0,1,0,0,0
715,0,1,52.0,0,0,13.0,1,1,0,1,0,0,0,0,1,0,0,0
716,0,0,19.0,0,0,7.65,0,1,0,1,0,0,0,0,1,0,0,0
717,1,2,38.0,0,0,100.2688,3,0,1,0,0,1,0,0,0,1,0,0
718,1,1,27.0,0,0,10.5,0,0,1,0,0,1,0,0,1,0,0,0
719,0,0,36.34257702741133,0,0,15.5,0,1,0,1,0,0,0,0,0,0,1,0
720,0,0,33.0,0,0,7.775,0,1,0,1,0,0,0,0,1,0,0,0
721,1,1,6.0,0,1,33.0,2,0,1,0,0,1,0,0,1,0,0,0
722,0,0,17.0,1,0,7.0542,0,1,0,1,0,0,0,0,1,0,0,0
723,0,1,34.0,0,0,13.0,0,1,0,1,0,0,0,0,1,0,0,0
724,0,1,50.0,0,0,13.0,0,1,0,1,0,0,0,0,1,0,0,0
725,1,2,27.0,1,0,53.1,1,1,0,1,0,0,0,0,1,0,0,0
726,0,0,20.0,0,0,8.6625,0,1,0,1,0,0,0,0,1,0,0,0
727,1,1,30.0,3,0,21.0,1,0,1,0,1,0,0,0,1,0,0,0
728,1,0,18.917074474529553,0,0,7.7375,0,0,1,0,0,1,0,0,0,0,1,0
729,0,1,25.0,1,0,26.0,0,1,0,1,0,0,0,0,1,0,0,0
730,0,0,25.0,1,0,7.925,0,0,1,0,0,1,0,0,1,0,0,0
731,1,2,29.0,0,0,100.2688,2,0,1,0,0,1,0,0,1,0,0,0
732,0,0,11.0,0,0,18.7875,1,1,0,1,0,0,0,0,0,1,0,0
733,0,1,36.417525093831586,0,0,0.0,0,1,0,1,0,0,0,0,1,0,0,0
734,0,1,23.0,0,0,13.0,0,1,0,1,0,0,0,0,1,0,0,0
735,0,1,23.0,0,0,13.0,0,1,0,1,0,0,0,0,1,0,0,0
736,0,0,28.5,0,0,16.1,1,1,0,1,0,0,0,0,1,0,0,0
737,0,0,48.0,1,3,34.375,3,0,1,0,1,0,0,0,1,0,0,0
738,1,2,35.0,0,0,100.2688,2,1,0,1,0,0,0,0,0,1,0,0
739,0,0,28.51748443358752,0,0,7.8958,0,1,0,1,0,0,0,0,1,0,0,0
740,0,0,28.51748443358752,0,0,7.8958,0,1,0,1,0,0,0,0,1,0,0,0
741,1,2,45.889509051951315,0,0,30.0,0,1,0,1,0,0,0,0,1,0,0,0
742,0,2,36.0,1,0,78.85,1,1,0,1,0,0,0,0,1,0,0,0
743,1,2,21.0,2,2,100.2688,1,0,1,0,0,1,0,0,0,1,0,0
744,0,0,24.0,1,0,16.1,0,1,0,1,0,0,0,0,1,0,0,0
745,1,0,31.0,0,0,7.925,0,1,0,1,0,0,0,0,1,0,0,0
746,0,2,70.0,1,1,71.0,1,1,0,0,0,0,0,1,1,0,0,0
747,0,0,16.0,1,1,20.25,1,1,0,1,0,0,0,0,1,0,0,0
748,1,1,30.0,0,0,13.0,0,0,1,0,0,1,0,0,1,0,0,0
749,0,2,19.0,1,0,53.1,0,1,0,1,0,0,0,0,1,0,0,0
750,0,0,31.0,0,0,7.75,0,1,0,1,0,0,0,0,0,0,1,0
751,1,1,4.0,1,1,23.0,0,0,1,0,0,1,0,0,1,0,0,0
752,1,0,6.0,0,1,12.475,1,1,0,0,0,0,1,0,1,0,0,0
753,0,0,33.0,0,0,9.5,0,1,0,1,0,0,0,0,1,0,0,0
754,0,0,23.0,0,0,7.8958,0,1,0,1,0,0,0,0,1,0,0,0
755,1,1,48.0,1,2,65.0,1,0,1,0,1,0,0,0,1,0,0,0
756,1,1,0.67,1,1,14.5,1,1,0,0,0,0,1,0,1,0,0,0
757,0,0,28.0,0,0,7.7958,0,1,0,1,0,0,0,0,1,0,0,0
758,0,1,18.0,0,0,11.5,0,1,0,1,0,0,0,0,1,0,0,0
759,0,0,34.0,0,0,8.05,0,1,0,1,0,0,0,0,1,0,0,0
760,1,2,33.0,0,0,86.5,2,0,1,0,0,0,0,1,1,0,0,0
761,0,0,23.972290749081775,0,0,14.5,1,1,0,1,0,0,0,0,1,0,0,0
762,0,0,41.0,0,0,7.125,0,1,0,1,0,0,0,0,1,0,0,0
763,1,0,20.0,0,0,7.2292,0,1,0,1,0,0,0,0,0,1,0,0
764,1,2,36.0,1,2,100.2688,3,0,1,0,1,0,0,0,1,0,0,0
765,0,0,16.0,0,0,7.775,0,1,0,1,0,0,0,0,1,0,0,0
766,1,2,51.0,1,0,77.9583,2,0,1,0,1,0,0,0,1,0,0,0
767,0,2,46.239438619482236,0,0,39.6,0,1,0,0,0,0,0,1,0,1,0,0
768,0,0,30.5,0,0,7.75,0,0,1,0,0,1,0,0,0,0,1,0
769,0,0,35.45280426325856,1,0,24.15,2,1,0,1,0,0,0,0,0,0,1,0
770,0,0,32.0,0,0,8.3625,0,1,0,1,0,0,0,0,1,0,0,0
771,0,0,24.0,0,0,9.5,0,1,0,1,0,0,0,0,1,0,0,0
772,0,0,48.0,0,0,7.8542,0,1,0,1,0,0,0,0,1,0,0,0
773,0,1,57.0,0,0,10.5,1,0,1,0,1,0,0,0,1,0,0,0
774,0,0,31.18849169707783,0,0,7.225,0,1,0,1,0,0,0,0,0,1,0,0
775,1,1,54.0,1,3,23.0,0,0,1,0,1,0,0,0,1,0,0,0
776,0,0,18.0,0,0,7.75,0,1,0,1,0,0,0,0,1,0,0,0
777,0,0,39.457867340588315,0,0,7.75,0,1,0,1,0,0,0,0,0,0,1,0
778,1,0,5.0,0,0,12.475,1,0,1,0,0,1,0,0,1,0,0,0
779,0,0,31.485444938714817,0,0,7.7375,0,1,0,1,0,0,0,0,0,0,1,0
780,1,2,43.0,0,1,100.2688,2,0,1,0,1,0,0,0,1,0,0,0
781,1,0,13.0,0,0,7.2292,0,0,1,0,0,1,0,0,0,1,0,0
782,1,2,17.0,1,0,57.0,1,0,1,0,1,0,0,0,1,0,0,0
783,0,2,29.0,0,0,30.0,0,1,0,1,0,0,0,0,1,0,0,0
784,0,0,28.993318004907383,1,2,23.45,1,1,0,1,0,0,0,0,1,0,0,0
785,0,0,25.0,0,0,7.05,0,1,0,1,0,0,0,0,1,0,0,0
786,0,0,25.0,0,0,7.25,0,1,0,1,0,0,0,0,1,0,0,0
787,1,0,18.0,0,0,7.4958,0,0,1,0,0,1,0,0,1,0,0,0
788,0,0,8.0,4,1,29.125,4,1,0,0,0,0,1,0,0,0,1,0
789,1,0,1.0,1,2,20.575,1,1,0,0,0,0,1,0,1,0,0,0
790,0,2,46.0,0,0,79.2,1,1,0,1,0,0,0,0,0,1,0,0
791,0,0,39.457867340588315,0,0,7.75,0,1,0,1,0,0,0,0,0,0,1,0
792,0,1,16.0,0,0,26.0,1,1,0,1,0,0,0,0,1,0,0,0
793,0,0,14.149332389382085,8,2,69.55,6,0,1,0,0,1,0,0,1,0,0,0
794,0,2,51.287847545669884,0,0,30.6958,0,1,0,1,0,0,0,0,0,1,0,0
795,0,0,25.0,0,0,7.8958,0,1,0,1,0,0,0,0,1,0,0,0
796,0,1,39.0,0,0,13.0,0,1,0,1,0,0,0,0,1,0,0,0
797,1,2,49.0,0,0,25.9292,0,0,1,0,0,0,0,1,1,0,0,0
798,1,0,31.0,0,0,8.6833,0,0,1,0,1,0,0,0,1,0,0,0
799,0,0,30.0,0,0,7.2292,0,1,0,1,0,0,0,0,0,1,0,0
800,0,0,30.0,1,1,24.15,2,0,1,0,1,0,0,0,1,0,0,0
801,0,1,34.0,0,0,13.0,1,1,0,1,0,0,0,0,1,0,0,0
802,1,1,31.0,1,1,26.25,2,0,1,0,1,0,0,0,1,0,0,0
803,1,2,11.0,1,2,100.2688,3,1,0,0,0,0,1,0,1,0,0,0
804,1,0,0.42,0,1,8.5167,0,1,0,0,0,0,1,0,0,1,0,0
805,1,0,27.0,0,0,6.975,0,1,0,1,0,0,0,0,1,0,0,0
806,0,0,31.0,0,0,7.775,0,1,0,1,0,0,0,0,1,0,0,0
807,0,2,39.0,0,0,0.0,0,1,0,1,0,0,0,0,1,0,0,0
808,0,0,18.0,0,0,7.775,0,0,1,0,0,1,0,0,1,0,0,0
809,0,1,39.0,0,0,13.0,0,1,0,1,0,0,0,0,1,0,0,0
810,1,2,33.0,1,0,53.1,1,0,1,0,1,0,0,0,1,0,0,0
811,0,0,26.0,0,0,7.8875,0,1,0,1,0,0,0,0,1,0,0,0
812,0,0,39.0,0,0,24.15,1,1,0,1,0,0,0,0,1,0,0,0
813,0,1,35.0,0,0,10.5,0,1,0,1,0,0,0,0,1,0,0,0
814,0,0,6.0,4,2,31.275,6,0,1,0,0,1,0,0,1,0,0,0
815,0,0,30.5,0,0,8.05,0,1,0,1,0,0,0,0,1,0,0,0
816,0,2,41.21917286394607,0,0,0.0,0,1,0,1,0,0,0,0,1,0,0,0
817,0,0,23.0,0,0,7.925,0,0,1,0,0,1,0,0,1,0,0,0
818,0,1,31.0,1,1,37.0042,1,1,0,1,0,0,0,0,0,1,0,0
819,0,0,43.0,0,0,6.45,0,1,0,1,0,0,0,0,1,0,0,0
820,0,0,10.0,3,2,27.9,5,1,0,0,0,0,1,0,1,0,0,0
821,1,2,52.0,1,1,93.5,1,0,1,0,1,0,0,0,1,0,0,0
822,1,0,27.0,0,0,8.6625,0,1,0,1,0,0,0,0,1,0,0,0
823,0,2,38.0,0,0,0.0,0,1,0,0,0,0,0,1,1,0,0,0
824,1,0,27.0,0,1,12.475,1,0,1,0,1,0,0,0,1,0,0,0
825,0,0,2.0,4,1,39.6875,5,1,0,0,0,0,1,0,1,0,0,0
826,0,0,30.267053237704037,0,0,6.95,0,1,0,1,0,0,0,0,0,0,1,0
827,0,0,28.670584603833017,0,0,56.4958,6,1,0,1,0,0,0,0,1,0,0,0
828,1,1,1.0,0,2,37.0042,1,1,0,0,0,0,1,0,0,1,0,0
829,1,0,33.477256515194185,0,0,7.75,0,1,0,1,0,0,0,0,0,0,1,0
830,1,2,62.0,0,0,80.0,1,0,1,0,1,0,0,0,0,0,0,1
831,1,0,15.0,1,0,14.4542,1,0,1,0,1,0,0,0,0,1,0,0
832,1,1,0.83,1,1,18.75,2,1,0,0,0,0,1,0,1,0,0,0
833,0,0,29.151163846232265,0,0,7.2292,0,1,0,1,0,0,0,0,0,1,0,0
834,0,0,23.0,0,0,7.8542,0,1,0,1,0,0,0,0,1,0,0,0
835,0,0,18.0,0,0,8.3,0,1,0,1,0,0,0,0,1,0,0,0
836,1,2,39.0,1,1,83.1583,0,0,1,0,0,1,0,0,0,1,0,0
837,0,0,21.0,0,0,8.6625,0,1,0,1,0,0,0,0,1,0,0,0
838,0,0,29.319184461420658,0,0,8.05,0,1,0,1,0,0,0,0,1,0,0,0
839,1,0,32.0,0,0,56.4958,6,1,0,1,0,0,0,0,1,0,0,0
840,1,2,38.54588760263478,0,0,29.7,0,1,0,1,0,0,0,0,0,1,0,0
841,0,0,20.0,0,0,7.925,0,1,0,1,0,0,0,0,1,0,0,0
842,0,1,16.0,0,0,10.5,1,1,0,1,0,0,0,0,1,0,0,0
843,1,2,30.0,0,0,31.0,1,0,1,0,0,1,0,0,0,1,0,0
844,0,0,34.5,0,0,6.4375,0,1,0,1,0,0,0,0,0,1,0,0
845,0,0,17.0,0,0,8.6625,0,1,0,1,0,0,0,0,1,0,0,0
846,0,0,42.0,0,0,7.55,0,1,0,1,0,0,0,0,1,0,0,0
847,0,0,18.493226190476193,8,2,69.55,6,1,0,1,0,0,0,0,1,0,0,0
848,0,0,35.0,0,0,7.8958,0,1,0,1,0,0,0,0,0,1,0,0
849,0,1,28.0,0,1,33.0,2,1,0,0,0,0,0,1,1,0,0,0
850,1,2,33.62555745132062,1,0,89.1042,1,0,1,0,1,0,0,0,0,1,0,0
851,0,0,4.0,4,2,31.275,6,1,0,0,0,0,1,0,1,0,0,0
852,0,0,74.0,0,0,7.775,0,1,0,1,0,0,0,0,1,0,0,0
853,0,0,9.0,1,1,15.2458,1,0,1,0,0,1,0,0,0,1,0,0
854,1,2,16.0,0,1,39.4,0,0,1,0,0,1,0,0,1,0,0,0
855,0,1,44.0,1,0,26.0,1,0,1,0,1,0,0,0,1,0,0,0
856,1,0,18.0,0,1,9.35,0,0,1,0,1,0,0,0,1,0,0,0
857,1,2,45.0,1,1,100.2688,1,0,1,0,1,0,0,0,1,0,0,0
858,1,2,51.0,0,0,26.55,0,1,0,1,0,0,0,0,1,0,0,0
859,1,0,24.0,0,3,19.2583,3,0,1,0,1,0,0,0,0,1,0,0
860,0,0,29.151163846232265,0,0,7.2292,0,1,0,1,0,0,0,0,0,1,0,0
861,0,0,41.0,2,0,14.1083,0,1,0,1,0,0,0,0,1,0,0,0
862,0,1,21.0,1,0,11.5,0,1,0,1,0,0,0,0,1,0,0,0
863,1,2,48.0,0,0,25.9292,0,0,1,0,1,0,0,0,1,0,0,0
864,0,0,14.149332389382085,8,2,69.55,6,0,1,0,0,1,0,0,1,0,0,0
865,0,1,24.0,0,0,13.0,0,1,0,1,0,0,0,0,1,0,0,0
866,1,1,42.0,0,0,13.0,0,0,1,0,1,0,0,0,1,0,0,0
867,1,1,27.0,1,0,13.8583,0,0,1,0,0,1,0,0,0,1,0,0
868,0,2,31.0,0,0,50.4958,0,1,0,1,0,0,0,0,1,0,0,0
869,0,0,26.321299182127483,0,0,9.5,0,1,0,1,0,0,0,0,1,0,0,0
870,1,0,4.0,1,1,11.1333,2,1,0,0,0,0,1,0,1,0,0,0
871,0,0,26.0,0,0,7.8958,0,1,0,1,0,0,0,0,1,0,0,0
872,1,2,47.0,1,1,52.5542,1,0,1,0,1,0,0,0,1,0,0,0
873,0,2,33.0,0,0,5.0,0,1,0,1,0,0,0,0,1,0,0,0
874,0,0,47.0,0,0,9.0,0,1,0,1,0,0,0,0,1,0,0,0
875,1,1,28.0,1,0,24.0,1,0,1,0,1,0,0,0,0,1,0,0
876,1,0,15.0,0,0,7.225,0,0,1,0,0,1,0,0,0,1,0,0
877,0,0,20.0,0,0,9.8458,1,1,0,1,0,0,0,0,1,0,0,0
878,0,0,19.0,0,0,7.8958,0,1,0,1,0,0,0,0,1,0,0,0
879,0,0,28.51748443358752,0,0,7.8958,0,1,0,1,0,0,0,0,1,0,0,0
880,1,2,56.0,0,1,83.1583,1,0,1,0,1,0,0,0,0,1,0,0
881,1,1,25.0,0,1,26.0,1,0,1,0,1,0,0,0,1,0,0,0
882,0,0,33.0,0,0,7.8958,0,1,0,1,0,0,0,0,1,0,0,0
883,0,0,22.0,0,0,10.5167,0,0,1,0,0,1,0,0,1,0,0,0
884,0,1,28.0,0,0,10.5,0,1,0,1,0,0,0,0,1,0,0,0
885,0,0,25.0,0,0,7.05,0,1,0,1,0,0,0,0,1,0,0,0
886,0,0,39.0,0,5,29.125,4,0,1,0,1,0,0,0,0,0,1,0
887,0,1,27.0,0,0,13.0,0,1,0,0,0,0,0,1,1,0,0,0
888,1,2,19.0,0,0,30.0,0,0,1,0,0,1,0,0,1,0,0,0
889,0,0,10.759717190855122,1,2,23.45,1,0,1,0,0,1,0,0,1,0,0,0
890,1,2,26.0,0,0,30.0,0,1,0,1,0,0,0,0,0,1,0,0
891,0,0,32.0,0,0,7.75,0,1,0,1,0,0,0,0,0,0,1,0
